Antigua,Fuerteventura
Betancuria,Fuerteventura
La Oliva,Fuerteventura
Pajara,Fuerteventura
Puerto del Rosario,Fuerteventura
Tuineje,Fuerteventura
Agulo,La Gomera
Alajero,La Gomera
Hermigua,La Gomera
San Sebastian de la Gomera,La Gomera
Valle Gran Rey,La Gomera
Vallehermoso,La Gomera
Agaete,Gran Canaria
Aguimes,Gran Canaria
La Aldea de San Nicolas,Gran Canaria
Artenara,Gran Canaria
Arucas,Gran Canaria
Firgas,Gran Canaria
Galdar,Gran Canaria
Ingenio,Gran Canaria
Mogan,Gran Canaria
Moya,Gran Canaria
Las Palmas de Gran Canaria,Gran Canaria
San Bartolome de Tirajana,Gran Canaria
Santa Brigida,Gran Canaria
Santa Lucia de Tirajana,Gran Canaria
Santa Maria de Guia de Gran Canaria,Gran Canaria
Tejeda,Gran Canaria
Telde,Gran Canaria
Teror,Gran Canaria
Valleseco,Gran Canaria
Valsequillo de Gran Canaria,Gran Canaria
Vega de San Mateo,Gran Canaria
Frontera,El Hierro
El Pinar de El Hierro,El Hierro
Valverde,El Hierro
Arrecife,Lanzarote
Haria,Lanzarote
San Bartolome,Lanzarote
Teguise,Lanzarote
Tias,Lanzarote
Tinajo,Lanzarote
Yaiza,Lanzarote
Barlovento,La Palma
Brena Alta,La Palma
Brena Baja,La Palma
Fuencaliente de la Palma,La Palma
Garafia,La Palma
Los Llanos de Aridane,La Palma
El Paso,La Palma
Puntagorda,La Palma
Puntallana,La Palma
San Andres y Sauces,La Palma
Santa Cruz de la Palma,La Palma
Tazacorte,La Palma
Tijarafe,La Palma
Villa de Mazo,La Palma
Adeje,Tenerife
Arafo,Tenerife
Arico,Tenerife
Arona,Tenerife
Buenavista del Norte,Tenerife
Candelaria,Tenerife
Fasnia,Tenerife
Garachico,Tenerife
Granadilla de Abona,Tenerife
La Guancha,Tenerife
Guia de Isora,Tenerife
Guimar,Tenerife
Icod de los Vinos,Tenerife
La Matanza de Acentejo,Tenerife
La Orotava,Tenerife
Puerto de la Cruz,Tenerife
Los Realejos,Tenerife
El Rosario,Tenerife
San Cristobal de La Laguna,Tenerife
San Juan de la Rambla,Tenerife
San Miguel de Abona,Tenerife
Santa Cruz de Tenerife,Tenerife
Santa Ursula,Tenerife
Santiago del Teide,Tenerife
El Sauzal,Tenerife
Los Silos,Tenerife
Tacoronte,Tenerife
El Tanque,Tenerife
Tegueste,Tenerife
La Victoria de Acentejo,Tenerife
Vilaflor,Tenerife
